State,Region,iPhone Sales (in million units),iPad Sales (in million units),Mac Sales (in million units),Wearables (in million units),Services Revenue (in billion $),Total_Sales (in Million Units)
Chongqing,Greater China,7.46,6.75,1.19,5.88,15.88,21.28
Germany,Europe,8.63,14.06,7.03,7.42,10.12,37.14
UK,Europe,5.61,14.09,8.78,8.19,19.85,36.67
Shanghai,Greater China,7.82,7.97,9.78,2.28,6.16,27.85
Thailand,Rest of Asia,16.70,8.13,6.46,3.48,13.29,34.77
Chongqing,Greater China,12.18,10.97,9.38,11.65,12.70,44.18
UK,Europe,25.47,7.41,7.18,7.56,17.20,47.62
New York,North America,22.37,6.74,4.39,3.22,16.07,36.72
Mexico,Rest of World,20.80,6.79,4.99,2.68,8.69,35.26
Italy,Europe,9.06,9.14,8.99,2.66,6.01,29.85
Hong Kong,Greater China,5.58,5.78,5.89,2.82,13.87,20.07
Canada,Rest of World,12.28,6.65,4.37,5.13,5.29,28.43
Hong Kong,Greater China,23.29,13.29,2.59,3.22,11.99,42.39
Japan,Rest of Asia,16.12,14.89,7.61,9.52,19.63,48.14
Japan,Rest of Asia,16.91,6.20,3.21,10.31,10.70,36.63
Spain,Europe,14.08,9.92,2.07,9.33,11.32,35.40
Chongqing,Greater China,7.92,8.77,5.19,3.08,16.14,24.96
Australia,Rest of World,8.10,13.87,7.77,10.79,6.90,40.53
Shanghai,Greater China,14.08,4.66,8.77,10.67,15.10,38.18
Australia,Rest of World,10.45,3.08,7.61,8.00,15.76,29.14
Beijing,Greater China,11.85,3.43,4.48,2.79,16.34,22.55
Hong Kong,Greater China,13.42,3.79,4.91,11.84,18.03,33.96
India,Rest of Asia,23.69,2.77,3.90,6.84,13.07,37.20
Texas,North America,24.11,4.93,1.48,10.42,16.93,40.94
California,North America,11.12,14.08,4.50,4.33,16.39,34.03
Spain,Europe,16.08,3.88,4.36,11.14,9.85,35.46
California,North America,23.96,10.33,8.94,3.09,13.39,46.32
Australia,Rest of World,16.36,14.36,2.98,7.38,13.66,41.08
Germany,Europe,10.31,10.27,8.84,5.13,5.29,34.55
Hong Kong,Greater China,10.97,4.94,2.82,9.96,6.63,28.69
South Africa,Rest of World,27.37,3.27,5.54,3.93,9.83,40.11
Canada,Rest of World,29.01,12.32,7.66,4.86,8.16,53.85
South Africa,Rest of World,16.20,9.09,6.42,11.85,13.95,43.56
Mexico,Rest of World,15.92,8.53,5.42,2.26,11.28,32.13
Brazil,Rest of World,29.86,9.45,9.67,3.92,6.25,52.90
UK,Europe,23.34,9.22,6.47,10.89,15.56,49.92
California,North America,21.14,2.96,3.26,3.52,5.32,30.88
Hong Kong,Greater China,12.99,7.30,4.49,2.23,14.89,27.01
New York,North America,25.20,14.40,8.00,3.31,16.93,50.91
Chongqing,Greater China,11.79,7.05,8.33,11.81,15.66,38.98
Texas,North America,11.16,12.83,2.06,6.05,13.06,32.10
Texas,North America,27.91,8.84,9.78,6.97,13.36,53.50
California,North America,14.87,14.94,8.61,9.90,13.49,48.32
South Africa,Rest of World,11.78,14.17,7.16,11.40,10.67,44.51
Spain,Europe,29.36,8.34,5.44,4.53,18.88,47.67
UK,Europe,19.55,10.51,6.56,8.96,8.14,45.58
Japan,Rest of Asia,17.39,10.56,9.93,11.82,8.80,49.70
UK,Europe,24.97,5.38,4.70,2.89,5.50,37.94
Brazil,Rest of World,25.24,3.68,7.63,8.30,12.67,44.85
Chongqing,Greater China,19.66,11.05,4.60,5.84,12.82,41.15
Florida,North America,12.60,9.68,4.17,9.61,5.24,36.06
California,North America,28.25,9.16,1.22,3.03,17.99,41.66
Canada,Rest of World,21.58,9.81,9.31,7.26,7.24,47.96
Canada,Rest of World,20.51,7.61,3.31,5.28,14.46,36.71
UK,Europe,18.18,2.08,3.47,4.66,17.31,28.39
UK,Europe,18.79,6.59,6.56,8.70,18.31,40.64
Hong Kong,Greater China,20.42,8.76,8.74,3.84,16.73,41.76
California,North America,8.87,3.59,5.94,5.00,19.62,23.40
UK,Europe,20.84,2.74,1.83,6.00,5.33,31.41
Illinois,North America,21.37,9.84,7.66,2.33,19.03,41.20
South Korea,Rest of Asia,15.76,12.14,4.22,2.96,11.50,35.08
Florida,North America,5.75,9.95,6.97,11.94,15.45,34.61
Canada,Rest of World,27.98,4.88,5.99,10.87,6.32,49.72
Italy,Europe,23.49,8.08,2.34,9.98,5.51,43.89
Illinois,North America,29.67,6.05,7.07,10.84,16.98,53.63
UK,Europe,26.58,7.73,5.96,10.36,14.72,50.63
South Korea,Rest of Asia,6.85,10.25,6.74,11.83,16.49,35.67
Hong Kong,Greater China,28.27,8.25,5.57,3.09,14.65,45.18
Chongqing,Greater China,17.47,8.26,4.76,3.78,15.44,34.27
Beijing,Greater China,28.38,4.85,7.00,7.94,17.37,48.17
New York,North America,23.19,5.47,4.97,6.61,15.84,40.24
Japan,Rest of Asia,6.10,8.47,4.43,9.92,17.18,28.92
Italy,Europe,28.53,7.37,9.16,5.24,11.46,50.30
Chongqing,Greater China,27.24,14.61,5.57,3.63,6.72,51.05
India,Rest of Asia,13.12,2.58,3.63,7.54,15.18,26.87
Thailand,Rest of Asia,28.65,13.65,3.67,11.14,7.29,57.11
Indonesia,Rest of Asia,6.38,2.24,3.34,8.06,10.28,20.02
California,North America,24.08,9.30,4.65,11.90,12.40,49.93
New York,North America,21.51,12.58,9.46,6.62,6.02,50.17
South Africa,Rest of World,11.88,8.57,9.03,5.24,8.63,34.72
Shenzhen,Greater China,28.70,12.21,4.46,4.68,15.72,50.05
Hong Kong,Greater China,26.67,11.15,6.43,3.28,5.62,47.53
Florida,North America,11.33,4.33,9.09,3.42,7.00,28.17
Brazil,Rest of World,11.79,9.07,3.91,2.36,5.94,27.13
Shenzhen,Greater China,8.41,5.95,7.91,10.76,19.42,33.03
South Africa,Rest of World,25.80,4.40,6.84,4.91,18.44,41.95
Beijing,Greater China,22.58,12.33,6.81,4.26,7.74,45.98
Chongqing,Greater China,21.82,9.37,2.48,10.73,9.51,44.40
Florida,North America,19.95,11.25,8.94,10.20,12.98,50.34
Chongqing,Greater China,22.70,7.95,9.98,9.73,15.48,50.36
South Africa,Rest of World,16.84,13.52,1.88,3.33,19.20,35.57
UK,Europe,19.23,7.92,2.37,5.09,5.19,34.61
Shanghai,Greater China,27.23,11.11,2.33,5.69,18.36,46.36
Japan,Rest of Asia,23.13,12.58,6.10,8.65,17.20,50.46
Texas,North America,22.05,9.66,5.08,10.94,9.11,47.73
Hong Kong,Greater China,14.89,7.70,8.16,6.70,14.81,37.45
Hong Kong,Greater China,22.22,5.35,1.65,6.33,5.26,35.55
Italy,Europe,12.41,10.80,8.70,2.68,5.53,34.59
New York,North America,8.66,6.15,3.11,4.44,10.53,22.36
Hong Kong,Greater China,27.23,9.22,7.54,3.39,17.71,47.38
Japan,Rest of Asia,16.41,2.51,9.37,3.91,19.89,32.20
Germany,Europe,28.52,14.61,1.66,3.01,13.99,47.80
Indonesia,Rest of Asia,16.98,5.83,4.81,4.11,15.29,31.73
South Africa,Rest of World,20.18,6.75,3.52,5.63,8.29,36.08
Shanghai,Greater China,9.25,2.44,9.97,6.05,15.74,27.71
South Africa,Rest of World,7.78,12.56,6.90,10.93,14.18,38.17
Mexico,Rest of World,15.40,11.95,9.70,9.37,19.29,46.42
India,Rest of Asia,8.50,3.96,9.52,7.86,13.18,29.84
Italy,Europe,6.58,10.30,4.63,2.66,11.97,24.17
Mexico,Rest of World,5.16,6.95,9.00,7.52,18.95,28.63
France,Europe,7.66,4.35,4.08,11.18,9.60,27.27
Beijing,Greater China,7.38,7.05,3.47,3.96,7.40,21.86
Illinois,North America,15.51,3.73,6.82,4.93,8.71,30.99
Australia,Rest of World,5.63,5.92,2.45,4.82,9.42,18.82
Canada,Rest of World,20.49,13.08,8.06,3.78,5.11,45.41
California,North America,6.76,8.90,2.62,8.51,13.83,26.79
Brazil,Rest of World,7.39,4.25,4.18,10.24,7.91,26.06
South Korea,Rest of Asia,15.57,12.04,2.49,8.69,17.46,38.79
Shanghai,Greater China,12.93,10.29,1.57,7.98,8.75,32.77
Australia,Rest of World,13.33,5.50,6.30,8.41,19.58,33.54
Shanghai,Greater China,8.32,2.34,6.90,11.53,6.75,29.09
South Korea,Rest of Asia,28.24,13.67,6.77,6.12,17.31,54.80
South Africa,Rest of World,9.63,8.45,6.68,3.46,17.50,28.22
Texas,North America,26.36,10.12,8.15,6.86,15.76,51.49
Shenzhen,Greater China,13.86,3.85,4.84,7.13,14.08,29.68
Chongqing,Greater China,9.58,13.90,5.88,9.52,7.26,38.88
Beijing,Greater China,16.75,14.07,3.48,8.80,19.52,43.10
South Africa,Rest of World,24.19,9.13,6.07,2.28,10.31,41.67
Mexico,Rest of World,24.10,14.35,1.15,3.23,16.60,42.83
Australia,Rest of World,16.34,5.63,9.88,3.96,18.73,35.81
India,Rest of Asia,9.31,9.30,1.50,4.95,7.52,25.06
Brazil,Rest of World,12.57,14.67,2.16,3.92,17.01,33.32
Illinois,North America,27.31,8.27,8.33,5.09,19.60,49.00
Beijing,Greater China,29.66,10.99,3.72,2.01,19.57,46.38
Brazil,Rest of World,26.48,11.96,8.32,7.07,14.38,53.83
Shanghai,Greater China,22.97,3.83,5.52,10.57,9.41,42.89
Australia,Rest of World,10.12,4.78,8.32,5.17,15.83,28.39
Mexico,Rest of World,17.71,3.88,5.41,7.79,18.17,34.79
South Africa,Rest of World,5.20,5.26,1.51,3.91,10.35,15.88
Canada,Rest of World,17.84,12.84,8.57,2.53,14.78,41.78
South Korea,Rest of Asia,24.84,11.35,6.75,9.66,16.52,52.60
Australia,Rest of World,15.88,13.20,4.90,5.64,15.51,39.62
India,Rest of Asia,12.54,7.68,8.80,9.81,17.16,38.83
Brazil,Rest of World,26.13,4.03,1.33,3.37,12.10,34.86
Texas,North America,14.44,13.33,8.36,4.29,19.83,40.42
Australia,Rest of World,20.42,14.97,5.11,6.49,13.59,46.99
Germany,Europe,21.12,11.98,2.30,4.76,8.45,40.16
Shenzhen,Greater China,25.08,4.84,5.32,9.69,10.77,44.93
Shenzhen,Greater China,28.80,4.74,2.08,6.06,8.15,41.68
Illinois,North America,27.66,12.94,8.11,5.53,9.46,54.24
Illinois,North America,25.43,3.15,4.72,4.81,12.76,38.11
Shenzhen,Greater China,29.84,5.28,3.67,9.12,6.29,47.91
South Africa,Rest of World,24.94,11.63,4.15,2.26,5.51,42.98
Chongqing,Greater China,18.26,6.79,4.76,9.71,15.86,39.52
France,Europe,6.28,9.86,8.33,10.56,11.61,35.03
Mexico,Rest of World,17.80,7.49,8.35,10.95,7.43,44.59
Shenzhen,Greater China,25.60,4.44,8.81,3.00,5.12,41.85
Spain,Europe,25.98,3.33,9.17,11.69,9.60,50.17
Chongqing,Greater China,15.18,12.82,6.19,6.40,11.10,40.59
Hong Kong,Greater China,24.97,11.30,5.57,8.83,8.03,50.67
California,North America,13.34,8.37,3.44,11.14,17.14,36.29
Germany,Europe,25.89,11.99,6.55,9.09,10.41,53.52
California,North America,15.49,9.53,5.19,11.58,6.63,41.79
Beijing,Greater China,13.45,6.05,8.29,11.99,11.45,39.78
Hong Kong,Greater China,28.94,4.17,5.74,9.33,13.98,48.18
Hong Kong,Greater China,16.45,10.27,3.21,8.11,5.88,38.04
Mexico,Rest of World,25.99,8.02,7.33,2.44,8.26,43.78
Shanghai,Greater China,16.45,4.59,7.94,3.69,9.54,32.67
Australia,Rest of World,9.11,2.11,5.68,4.65,19.55,21.55
Indonesia,Rest of Asia,22.14,9.47,4.87,7.27,18.92,43.75
France,Europe,9.22,7.62,2.66,11.89,5.99,31.39
Beijing,Greater China,18.88,8.92,6.09,6.47,7.56,40.36
France,Europe,28.25,3.97,5.16,4.06,16.25,41.44
Chongqing,Greater China,28.38,6.12,6.39,11.71,11.37,52.60
Texas,North America,7.01,13.03,5.94,7.17,15.43,33.15
Hong Kong,Greater China,17.95,9.49,6.06,11.66,11.92,45.16
Italy,Europe,6.25,6.44,5.50,4.85,19.08,23.04
Canada,Rest of World,24.23,7.93,2.89,2.69,13.15,37.74
South Africa,Rest of World,14.24,12.67,5.55,8.11,12.64,40.57
Germany,Europe,22.89,14.29,3.96,10.72,5.05,51.86
UK,Europe,22.52,9.00,5.55,10.26,19.37,47.33
Shanghai,Greater China,13.70,10.82,3.33,11.49,15.17,39.34
California,North America,23.31,10.77,7.30,3.22,10.66,44.60
Indonesia,Rest of Asia,15.37,8.22,9.34,4.31,16.89,37.24
India,Rest of Asia,10.51,4.76,4.46,4.38,18.39,24.11
Australia,Rest of World,6.49,5.45,4.03,3.42,7.18,19.39
South Africa,Rest of World,19.55,6.88,2.30,8.49,9.23,37.22
Mexico,Rest of World,25.83,11.65,1.26,7.76,14.63,46.50
South Korea,Rest of Asia,16.55,10.73,5.97,5.41,6.88,38.66
South Korea,Rest of Asia,6.89,11.78,8.58,7.66,18.24,34.91
Brazil,Rest of World,13.58,11.45,6.11,3.86,5.30,35.00
Japan,Rest of Asia,10.91,8.68,6.63,11.62,11.34,37.84
France,Europe,5.37,8.00,8.04,4.53,19.02,25.94
Indonesia,Rest of Asia,7.41,2.77,5.57,3.52,16.46,19.27
Australia,Rest of World,15.75,6.93,4.86,7.89,9.66,35.43
Indonesia,Rest of Asia,11.55,4.38,7.38,11.23,8.03,34.54
Beijing,Greater China,24.19,8.27,4.97,3.39,11.65,40.82
Canada,Rest of World,27.99,2.18,2.39,6.04,16.46,38.60
Beijing,Greater China,21.44,6.84,3.63,7.15,13.54,39.06
Shenzhen,Greater China,16.23,9.37,1.90,8.64,14.05,36.14
UK,Europe,25.52,11.80,3.57,6.90,13.48,47.79
France,Europe,16.35,4.79,4.64,8.51,17.21,34.29
California,North America,18.63,14.13,4.57,8.97,5.92,46.30
Florida,North America,7.67,9.85,3.24,5.86,12.83,26.62
Mexico,Rest of World,12.43,4.46,2.40,2.27,11.97,21.56
Shanghai,Greater China,20.71,2.92,7.85,5.07,10.96,36.55
Brazil,Rest of World,17.34,11.43,3.24,5.72,14.50,37.73
Germany,Europe,27.78,8.03,3.83,6.73,11.26,46.37
Texas,North America,11.75,13.96,9.63,11.19,12.96,46.53
Indonesia,Rest of Asia,27.03,13.30,1.19,8.43,17.36,49.95
Chongqing,Greater China,11.34,5.69,8.37,2.00,17.28,27.40
New York,North America,21.63,6.61,8.42,10.78,11.27,47.44
Germany,Europe,25.57,3.51,2.56,6.65,5.08,38.29
Mexico,Rest of World,7.11,5.74,2.18,9.25,14.81,24.28
Japan,Rest of Asia,19.28,12.19,5.10,2.98,10.08,39.55
California,North America,27.49,11.69,6.85,11.78,7.05,57.81
UK,Europe,6.61,10.26,8.61,7.27,9.40,32.75
Illinois,North America,13.63,3.65,8.87,8.89,13.49,35.04
Chongqing,Greater China,12.92,5.21,8.94,3.43,17.77,30.50
Hong Kong,Greater China,23.49,13.79,5.09,4.31,19.12,46.68
Texas,North America,11.52,6.87,9.04,5.66,6.48,33.09
Japan,Rest of Asia,22.70,6.54,8.47,9.12,19.35,46.83
Spain,Europe,13.74,9.84,2.80,7.59,6.83,33.97
Shanghai,Greater China,17.53,8.79,9.73,11.36,16.75,47.41
Beijing,Greater China,6.78,10.70,6.71,6.05,8.90,30.24
Italy,Europe,13.55,12.05,9.07,11.61,11.14,46.28
South Korea,Rest of Asia,12.58,8.89,6.35,4.69,11.43,32.51
Shenzhen,Greater China,13.28,13.97,5.91,6.16,17.88,39.32
Shenzhen,Greater China,9.79,14.03,6.73,3.49,13.52,34.04
California,North America,22.37,14.16,8.24,7.21,10.35,51.98
Illinois,North America,19.05,14.91,8.43,3.68,9.01,46.07
Japan,Rest of Asia,26.98,4.57,3.88,6.24,9.78,41.67
Chongqing,Greater China,19.30,5.82,5.95,11.67,5.29,42.74
South Africa,Rest of World,18.93,11.93,5.56,4.24,6.53,40.66
Hong Kong,Greater China,24.42,4.41,4.24,2.18,6.63,35.25
Brazil,Rest of World,8.05,14.28,9.69,7.68,19.92,39.70
Thailand,Rest of Asia,9.07,2.49,3.23,10.30,6.10,25.09
Hong Kong,Greater China,7.97,11.25,8.14,7.41,12.60,34.77
Spain,Europe,11.10,14.95,1.24,7.14,8.96,34.43
Thailand,Rest of Asia,6.59,3.17,4.78,7.05,7.25,21.59
Mexico,Rest of World,19.82,13.07,8.80,2.95,17.65,44.64
Shanghai,Greater China,21.55,5.16,8.64,10.22,15.54,45.57
Japan,Rest of Asia,13.85,8.61,7.30,8.44,10.42,38.20
Shenzhen,Greater China,7.31,7.86,2.83,11.06,13.54,29.06
South Africa,Rest of World,28.67,10.10,7.26,8.45,15.32,54.48
France,Europe,20.47,3.82,3.93,6.63,18.85,34.85
California,North America,16.67,2.75,6.04,5.10,14.38,30.56
New York,North America,22.32,10.50,6.36,4.12,15.47,43.30
Indonesia,Rest of Asia,19.11,12.75,8.73,4.22,13.88,44.81
Illinois,North America,6.19,14.22,3.39,10.11,18.87,33.91
Hong Kong,Greater China,24.66,3.14,1.31,11.25,17.27,40.36
Germany,Europe,13.46,5.15,7.31,6.16,8.54,32.08
Shenzhen,Greater China,9.71,2.84,5.54,2.87,15.56,20.96
Spain,Europe,10.88,11.41,3.46,3.94,9.99,29.69
Shanghai,Greater China,14.82,7.95,8.34,4.74,12.20,35.85
France,Europe,27.09,12.62,8.08,7.32,5.66,55.11
Beijing,Greater China,19.19,4.53,7.44,3.05,13.78,34.21
California,North America,17.24,13.57,3.10,10.62,10.12,44.53
Mexico,Rest of World,26.70,4.67,2.42,3.02,7.98,36.81
Australia,Rest of World,24.90,9.84,7.30,11.03,9.36,53.07
Indonesia,Rest of Asia,13.65,13.04,5.47,8.81,6.40,40.97
France,Europe,20.59,2.59,3.43,11.06,8.16,37.67
Shenzhen,Greater China,15.18,10.78,8.88,3.20,14.49,38.04
France,Europe,15.51,9.04,7.31,11.56,10.38,43.42
Mexico,Rest of World,10.52,12.54,9.95,8.19,15.63,41.20
Japan,Rest of Asia,8.17,5.89,5.49,3.06,11.18,22.61
Canada,Rest of World,6.84,2.59,4.66,10.03,18.05,24.12
France,Europe,16.17,6.25,5.20,5.94,10.75,33.56
Illinois,North America,25.81,9.78,9.21,5.29,19.22,50.09
France,Europe,28.37,9.34,7.72,5.11,9.38,50.54
Spain,Europe,29.32,6.14,2.13,5.15,11.59,42.74
France,Europe,17.47,6.45,5.96,9.54,17.89,39.42
Spain,Europe,28.29,2.60,7.08,6.41,12.76,44.38
Japan,Rest of Asia,25.89,12.24,2.57,10.17,12.26,50.87
UK,Europe,14.66,2.02,4.01,3.18,7.72,23.87
Germany,Europe,10.56,8.31,8.02,4.01,9.90,30.90
Thailand,Rest of Asia,24.57,6.21,2.81,10.02,14.40,43.61
Texas,North America,13.32,14.24,3.42,11.94,19.45,42.92
France,Europe,19.64,13.24,8.34,9.42,11.24,50.64
Shenzhen,Greater China,28.70,13.20,4.50,8.12,5.96,54.52
Beijing,Greater China,13.87,2.77,3.36,5.27,7.49,25.27
Thailand,Rest of Asia,15.23,9.26,8.13,5.88,9.56,38.50
Indonesia,Rest of Asia,13.23,3.27,4.90,2.85,8.52,24.25
Italy,Europe,11.09,11.39,5.03,6.65,7.71,34.16
Thailand,Rest of Asia,15.15,5.11,2.66,11.15,10.51,34.07
France,Europe,29.29,12.60,1.65,11.36,18.39,54.90
Texas,North America,25.29,13.20,1.18,3.93,10.20,43.60
Brazil,Rest of World,25.37,10.90,4.92,8.31,8.09,49.50
Chongqing,Greater China,29.79,9.95,3.21,2.08,16.92,45.03
India,Rest of Asia,12.22,9.87,2.63,3.08,8.10,27.80
Thailand,Rest of Asia,29.11,5.69,2.63,3.62,7.47,41.05
Thailand,Rest of Asia,23.16,8.93,3.83,4.02,16.65,39.94
Thailand,Rest of Asia,12.14,10.06,9.86,11.66,17.46,43.72
South Africa,Rest of World,25.88,6.07,3.38,9.13,14.26,44.46
South Korea,Rest of Asia,26.18,11.01,7.76,5.81,18.93,50.76
UK,Europe,8.18,6.99,9.07,2.43,11.09,26.67
Mexico,Rest of World,23.67,14.17,5.63,2.58,11.55,46.05
New York,North America,10.51,8.38,4.59,3.55,7.12,27.03
South Africa,Rest of World,15.52,5.26,2.42,8.48,9.93,31.68
Australia,Rest of World,27.31,13.88,2.04,4.64,19.19,47.87
India,Rest of Asia,25.56,12.26,8.03,11.71,11.21,57.56
Hong Kong,Greater China,22.78,8.21,8.54,6.24,13.87,45.77
France,Europe,9.17,9.60,3.30,10.44,19.57,32.51
Indonesia,Rest of Asia,10.43,2.11,5.41,3.73,5.08,21.68
Chongqing,Greater China,6.05,3.53,4.81,2.77,11.98,17.16
Illinois,North America,14.23,3.04,6.64,3.69,16.25,27.60
Canada,Rest of World,6.25,3.96,1.37,8.25,17.29,19.83
Beijing,Greater China,27.45,6.87,2.33,2.92,6.81,39.57
Shanghai,Greater China,24.24,7.72,9.43,4.55,5.37,45.94
Shanghai,Greater China,8.79,11.65,3.63,4.09,13.34,28.16
Hong Kong,Greater China,20.26,11.31,4.82,3.05,9.23,39.44
Italy,Europe,28.77,2.72,7.59,2.66,14.75,41.74
Illinois,North America,15.26,11.95,1.64,11.23,5.85,40.08
UK,Europe,15.46,12.17,9.50,2.64,5.84,39.77
Beijing,Greater China,25.57,5.50,1.87,9.40,5.96,42.34
Thailand,Rest of Asia,13.54,7.75,7.94,9.77,5.21,39.00
Florida,North America,27.69,9.48,8.96,2.95,8.06,49.08
Illinois,North America,11.66,10.80,5.89,10.30,14.55,38.65
UK,Europe,15.34,2.69,5.21,6.56,6.56,29.80
Australia,Rest of World,6.00,8.95,5.34,8.64,17.24,28.93
Chongqing,Greater China,12.32,8.07,6.20,8.22,8.62,34.81
Shanghai,Greater China,25.63,6.95,2.22,5.58,14.04,40.38
Germany,Europe,17.94,6.86,5.96,2.72,10.74,33.48
Japan,Rest of Asia,25.51,8.31,5.64,4.11,19.53,43.57
Japan,Rest of Asia,24.70,7.21,3.55,8.39,13.65,43.85
Indonesia,Rest of Asia,6.77,9.26,9.15,7.03,5.77,32.21
New York,North America,6.99,9.92,3.96,11.69,5.22,32.56
Shanghai,Greater China,19.58,8.16,8.75,3.94,15.63,40.43
Hong Kong,Greater China,24.03,6.80,8.62,5.11,9.21,44.56
Spain,Europe,12.46,6.64,1.11,4.95,9.56,25.16
Canada,Rest of World,15.64,10.53,9.21,3.81,8.29,39.19
South Korea,Rest of Asia,12.85,5.99,3.61,7.15,14.59,29.60
Italy,Europe,29.42,4.21,2.14,3.59,15.20,39.36
Australia,Rest of World,5.15,8.54,3.21,7.33,5.56,24.23
Italy,Europe,24.69,11.59,3.76,9.99,8.37,50.03
UK,Europe,14.43,14.82,6.18,5.39,11.42,40.82
Illinois,North America,16.35,2.07,3.84,5.07,15.07,27.33
Germany,Europe,26.07,9.91,5.40,2.02,12.68,43.40
Shanghai,Greater China,12.31,8.48,7.16,2.62,8.59,30.57
New York,North America,21.11,14.06,6.39,6.51,17.43,48.07
Chongqing,Greater China,5.39,7.10,7.34,7.52,19.87,27.35
Japan,Rest of Asia,18.21,13.74,3.61,11.21,11.45,46.77
Illinois,North America,27.26,7.38,7.37,11.43,16.06,53.44
Illinois,North America,29.65,11.31,9.31,3.07,15.50,53.34
Beijing,Greater China,7.40,7.66,4.26,8.86,14.01,28.18
France,Europe,20.72,5.77,1.33,3.06,8.16,30.88
Hong Kong,Greater China,23.42,13.31,2.21,7.14,16.54,46.08
South Korea,Rest of Asia,25.46,12.24,9.99,3.10,17.26,50.79
Indonesia,Rest of Asia,22.51,12.29,4.79,6.62,7.65,46.21
Thailand,Rest of Asia,26.44,8.83,5.30,5.35,16.60,45.92
California,North America,21.69,13.93,5.36,5.19,12.43,46.17
France,Europe,16.42,11.08,7.26,6.17,11.60,40.93
Hong Kong,Greater China,12.45,13.97,7.94,10.76,16.80,45.12
Brazil,Rest of World,23.71,2.82,1.35,8.83,18.27,36.71
Beijing,Greater China,14.56,11.22,3.02,7.17,15.21,35.97
Italy,Europe,9.02,7.24,9.16,4.84,15.04,30.26
Texas,North America,19.08,5.74,4.64,3.64,19.87,33.10
Brazil,Rest of World,15.52,9.58,7.11,2.22,12.14,34.43
Brazil,Rest of World,27.57,7.10,6.07,11.74,18.66,52.48
Hong Kong,Greater China,28.72,13.02,6.11,8.74,18.64,56.59
Shanghai,Greater China,27.23,3.62,8.61,7.23,14.87,46.69
Spain,Europe,23.56,6.28,3.99,3.09,13.73,36.92
Texas,North America,17.01,5.72,7.21,3.97,14.68,33.91
Australia,Rest of World,17.30,9.35,8.90,11.19,8.14,46.74
Italy,Europe,8.42,9.83,7.72,11.71,6.61,37.68
Spain,Europe,12.26,10.07,7.80,2.79,5.15,32.92
South Korea,Rest of Asia,14.97,13.28,7.21,5.21,18.38,40.67
Shenzhen,Greater China,10.24,14.91,5.72,10.48,8.71,41.35
France,Europe,10.93,10.36,5.74,9.78,16.70,36.81
Chongqing,Greater China,12.00,9.84,2.35,4.33,5.81,28.52
Japan,Rest of Asia,29.04,9.38,8.81,10.21,7.79,57.44
South Africa,Rest of World,21.15,9.68,7.28,4.46,19.58,42.57
Thailand,Rest of Asia,6.60,10.07,6.42,9.62,14.27,32.71
Australia,Rest of World,6.79,6.06,2.31,10.51,14.45,25.67
India,Rest of Asia,26.43,4.31,9.58,11.52,11.32,51.84
Florida,North America,19.87,3.91,5.48,7.19,12.23,36.45
Canada,Rest of World,10.67,9.67,1.02,6.36,5.79,27.72
South Africa,Rest of World,19.81,14.06,4.62,8.08,16.41,46.57
Australia,Rest of World,18.78,14.52,4.79,3.66,18.16,41.75
Shenzhen,Greater China,6.45,3.68,3.03,7.05,8.05,20.21
New York,North America,17.96,14.79,5.38,8.93,18.16,47.06
South Korea,Rest of Asia,28.13,9.06,8.01,3.48,11.41,48.68
Chongqing,Greater China,23.18,14.84,5.70,7.60,19.40,51.32
Illinois,North America,18.32,14.18,4.14,6.93,8.34,43.57
Thailand,Rest of Asia,22.60,2.76,8.20,5.41,9.36,38.97
UK,Europe,13.56,8.79,7.62,8.57,9.26,38.54
Beijing,Greater China,8.45,8.87,3.29,11.93,17.78,32.54
Indonesia,Rest of Asia,23.77,12.36,1.05,10.00,8.17,47.18
California,North America,15.63,8.18,6.63,4.95,14.96,35.39
Hong Kong,Greater China,24.44,8.65,2.32,2.48,8.09,37.89
Canada,Rest of World,10.64,11.27,3.57,6.89,12.13,32.37
Shanghai,Greater China,15.09,12.66,4.85,2.99,18.02,35.59
Texas,North America,16.82,2.58,2.23,2.23,9.27,23.86
Shenzhen,Greater China,5.40,7.90,1.97,3.59,17.91,18.86
Shanghai,Greater China,23.76,14.09,5.86,9.08,9.42,52.79
Mexico,Rest of World,21.49,3.77,1.20,10.88,12.14,37.34
Shenzhen,Greater China,17.76,6.89,9.97,11.60,8.75,46.22
Illinois,North America,25.92,5.47,8.74,11.47,18.94,51.60
Texas,North America,18.79,4.25,4.40,10.75,18.10,38.19
California,North America,27.65,3.10,9.51,8.05,8.82,48.31
UK,Europe,6.57,11.26,8.33,4.53,8.92,30.69
New York,North America,7.38,14.85,4.67,9.15,6.81,36.05
Hong Kong,Greater China,10.72,14.88,8.21,11.83,19.15,45.64
Japan,Rest of Asia,11.35,6.08,6.41,6.07,18.16,29.91
Chongqing,Greater China,8.14,10.72,5.03,8.64,11.12,32.53
Italy,Europe,12.95,11.92,6.23,5.02,5.70,36.12
Indonesia,Rest of Asia,8.19,8.90,2.62,5.76,8.73,25.47
Shenzhen,Greater China,27.14,5.66,4.54,6.88,5.15,44.22
Shanghai,Greater China,20.61,3.48,7.44,8.22,12.25,39.75
Texas,North America,25.12,2.84,6.93,12.00,13.02,46.89
New York,North America,9.14,7.02,4.42,11.98,6.19,32.56
Spain,Europe,7.61,2.16,1.38,8.44,18.92,19.59
Indonesia,Rest of Asia,20.15,2.04,4.48,10.21,18.62,36.88
Illinois,North America,12.92,12.04,3.07,10.97,6.41,39.00
Hong Kong,Greater China,8.84,6.64,4.94,11.95,10.11,32.37
Italy,Europe,27.29,3.77,6.30,8.73,16.86,46.09
Mexico,Rest of World,29.53,10.31,7.85,11.47,12.62,59.16
Hong Kong,Greater China,25.91,12.47,2.99,5.03,10.97,46.40
Canada,Rest of World,17.16,8.62,9.87,3.37,15.46,39.02
Germany,Europe,8.24,14.98,2.78,7.55,17.75,33.55
Canada,Rest of World,21.59,13.54,8.89,3.50,6.63,47.52
Australia,Rest of World,8.13,13.38,3.67,7.76,11.60,32.94
New York,North America,5.88,14.83,9.34,3.91,18.49,33.96
California,North America,5.15,7.28,8.22,5.83,17.72,26.48
France,Europe,22.80,6.52,7.88,10.84,9.85,48.04
New York,North America,11.52,12.38,5.22,7.11,8.62,36.23
Canada,Rest of World,8.22,2.71,3.69,2.66,13.22,17.28
Canada,Rest of World,13.54,5.64,8.94,10.53,10.46,38.65
Mexico,Rest of World,27.55,11.15,5.80,5.31,17.71,49.81
Shanghai,Greater China,10.40,4.97,6.07,5.91,16.80,27.35
South Africa,Rest of World,26.91,3.94,5.41,7.69,15.80,43.95
France,Europe,9.31,12.46,9.80,9.89,13.11,41.46
Shanghai,Greater China,23.30,5.60,1.43,11.64,19.47,41.97
Germany,Europe,10.52,9.79,8.39,6.19,15.87,34.89
California,North America,5.69,11.80,1.92,8.02,11.96,27.43
Indonesia,Rest of Asia,11.45,11.89,5.25,8.28,7.81,36.87
UK,Europe,25.68,14.39,5.95,4.97,13.95,50.99
Spain,Europe,29.73,14.94,1.33,5.55,7.67,51.55
UK,Europe,11.86,11.42,3.57,2.81,9.37,29.66
Germany,Europe,19.03,3.21,2.56,2.42,15.18,27.22
New York,North America,12.41,6.00,7.24,11.47,16.26,37.12
France,Europe,28.05,7.11,7.24,7.87,11.17,50.27
South Korea,Rest of Asia,13.25,12.38,5.20,7.62,5.28,38.45
California,North America,19.25,3.89,2.12,7.44,9.33,32.70
Australia,Rest of World,8.91,6.35,9.52,11.67,11.79,36.45
South Africa,Rest of World,15.61,2.25,1.57,10.86,9.88,30.29
Shenzhen,Greater China,27.80,7.82,8.92,8.42,18.05,52.96
Australia,Rest of World,20.71,9.70,7.04,9.68,19.36,47.13
Thailand,Rest of Asia,7.37,5.64,2.64,2.03,16.20,17.68
France,Europe,24.43,3.00,1.66,9.13,13.02,38.22
Indonesia,Rest of Asia,5.18,14.37,5.84,9.83,14.36,35.22
Canada,Rest of World,15.38,4.48,8.20,11.87,9.64,39.93
California,North America,17.90,3.10,7.83,7.62,6.06,36.45
Canada,Rest of World,20.21,3.06,7.73,11.20,5.14,42.20
Canada,Rest of World,27.96,4.43,9.12,7.81,11.77,49.32
South Korea,Rest of Asia,11.99,7.52,5.86,4.33,11.77,29.70
Australia,Rest of World,20.54,6.26,5.04,6.18,17.20,38.02
Germany,Europe,7.17,9.25,6.81,3.96,14.45,27.19
Australia,Rest of World,11.49,11.77,9.45,2.68,11.03,35.39
Beijing,Greater China,28.25,2.77,3.50,6.61,14.21,41.13
South Korea,Rest of Asia,14.99,3.34,6.54,8.39,15.05,33.26
New York,North America,24.79,11.20,7.34,2.36,19.11,45.69
Brazil,Rest of World,12.98,10.11,3.79,10.88,9.57,37.76
Shenzhen,Greater China,15.86,4.38,3.62,9.33,11.84,33.19
Illinois,North America,17.98,10.65,8.50,5.86,5.13,42.99
Indonesia,Rest of Asia,22.33,9.06,1.70,7.22,17.77,40.31
India,Rest of Asia,10.07,2.55,9.22,11.73,10.69,33.57
Mexico,Rest of World,21.49,13.81,6.75,4.59,16.75,46.64
Chongqing,Greater China,8.65,9.91,4.88,7.09,16.61,30.53
Mexico,Rest of World,18.08,8.79,7.33,11.61,9.29,45.81
Texas,North America,20.88,8.87,5.09,3.46,15.98,38.30
Mexico,Rest of World,15.85,7.34,2.61,11.47,5.04,37.27
Shanghai,Greater China,21.25,2.47,4.50,2.94,7.46,31.16
South Africa,Rest of World,18.46,5.05,4.66,8.30,16.21,36.47
Florida,North America,24.52,10.46,5.49,7.37,7.90,47.84
Beijing,Greater China,23.31,13.20,9.76,4.40,11.36,50.67
Thailand,Rest of Asia,13.32,6.04,2.30,11.87,11.00,33.53
Brazil,Rest of World,21.18,5.25,7.02,7.88,14.39,41.33
Spain,Europe,10.85,4.44,3.15,4.83,9.91,23.27
Canada,Rest of World,8.99,2.52,5.98,5.34,17.24,22.83
India,Rest of Asia,8.30,8.85,6.95,7.47,10.47,31.57
France,Europe,15.08,10.71,2.43,8.45,13.99,36.67
Italy,Europe,15.08,3.92,5.56,4.85,13.37,29.41
California,North America,14.91,7.47,5.79,11.48,17.20,39.65
Canada,Rest of World,9.80,5.84,8.05,11.83,13.22,35.52
California,North America,5.93,4.12,2.96,3.26,10.66,16.27
Spain,Europe,13.38,8.86,5.79,6.70,7.81,34.73
Germany,Europe,28.74,2.17,9.00,11.02,16.03,50.93
Australia,Rest of World,25.92,11.34,1.78,5.50,8.95,44.54
Australia,Rest of World,7.69,2.82,5.45,5.38,7.96,21.34
New York,North America,21.46,14.34,2.02,7.55,14.15,45.37
Indonesia,Rest of Asia,18.71,2.85,9.52,11.30,8.33,42.38
Beijing,Greater China,18.81,12.84,2.24,9.83,19.90,43.72
India,Rest of Asia,20.77,9.83,8.25,8.36,16.97,47.21
New York,North America,8.79,5.68,5.43,9.52,9.49,29.42
Chongqing,Greater China,6.72,6.70,6.70,10.15,15.39,30.27
Thailand,Rest of Asia,27.00,12.84,8.35,3.81,9.96,52.00
Beijing,Greater China,12.71,6.18,4.33,10.10,9.24,33.32
California,North America,13.84,9.81,9.43,9.39,14.17,42.47
South Africa,Rest of World,9.93,5.03,8.37,6.23,8.80,29.56
UK,Europe,27.39,11.38,7.16,3.76,13.39,49.69
Canada,Rest of World,20.92,4.16,1.90,9.89,15.11,36.87
Texas,North America,5.14,8.35,6.85,6.24,19.78,26.58
Illinois,North America,8.92,7.12,4.20,10.16,13.44,30.40
India,Rest of Asia,10.29,4.14,9.37,5.19,17.79,28.99
South Korea,Rest of Asia,22.87,12.14,5.49,8.74,15.12,49.24
Shenzhen,Greater China,10.72,7.05,9.15,7.58,6.28,34.50
Florida,North America,16.53,3.96,7.95,5.23,12.09,33.67
Mexico,Rest of World,29.51,13.95,4.06,6.71,11.58,54.23
South Korea,Rest of Asia,7.25,5.66,7.74,7.93,10.37,28.58
Florida,North America,20.71,13.68,8.67,3.25,16.99,46.31
Brazil,Rest of World,28.00,7.41,8.41,2.47,11.49,46.29
Mexico,Rest of World,16.63,6.13,8.00,4.33,15.42,35.09
Brazil,Rest of World,8.96,11.91,1.25,11.32,5.98,33.44
California,North America,14.77,13.15,5.54,11.89,6.61,45.35
Brazil,Rest of World,29.14,8.44,2.02,2.24,12.56,41.84
Japan,Rest of Asia,12.16,6.52,3.74,9.28,7.67,31.70
Japan,Rest of Asia,22.76,2.92,4.46,10.42,19.70,40.56
Thailand,Rest of Asia,10.25,13.61,2.30,5.03,11.81,31.19
Spain,Europe,15.82,6.90,3.86,10.49,8.17,37.07
New York,North America,29.45,5.29,8.75,8.13,19.26,51.62
Italy,Europe,20.00,14.02,5.33,5.33,16.53,44.68
Spain,Europe,21.60,4.59,1.41,4.57,9.87,32.17
Brazil,Rest of World,27.80,11.54,3.70,2.86,16.55,45.90
Spain,Europe,21.84,8.21,9.43,2.88,12.46,42.36
Shanghai,Greater China,29.24,4.72,3.11,11.14,18.40,48.21
Japan,Rest of Asia,12.65,2.69,5.05,5.94,16.12,26.33
India,Rest of Asia,12.33,12.22,5.21,3.79,14.35,33.55
Italy,Europe,7.54,9.33,6.92,9.28,8.03,33.07
Germany,Europe,7.38,3.45,6.63,11.02,10.66,28.48
Italy,Europe,21.30,14.75,3.52,3.71,18.47,43.28
Beijing,Greater China,7.96,14.67,8.50,4.85,18.01,35.98
France,Europe,20.42,5.53,3.30,11.51,16.83,40.76
Brazil,Rest of World,20.77,9.99,7.60,11.27,18.32,49.63
Spain,Europe,10.08,6.93,7.37,4.10,5.25,28.48
Brazil,Rest of World,24.66,6.83,7.03,7.45,8.90,45.97
UK,Europe,21.56,11.89,5.05,4.32,12.15,42.82
Japan,Rest of Asia,19.07,4.77,3.38,2.84,5.96,30.06
Canada,Rest of World,28.52,4.57,7.07,4.17,18.97,44.33
Illinois,North America,19.38,12.14,2.45,6.56,5.29,40.53
Chongqing,Greater China,22.74,4.17,1.78,3.27,10.42,31.96
Beijing,Greater China,24.97,4.92,6.58,4.78,9.54,41.25
Beijing,Greater China,16.98,12.27,7.23,2.08,16.00,38.56
UK,Europe,22.18,2.47,3.53,3.84,14.24,32.02
New York,North America,14.95,14.47,1.69,10.05,14.62,41.16
South Africa,Rest of World,19.78,3.72,8.30,10.31,7.70,42.11
South Africa,Rest of World,22.14,12.54,8.53,6.04,7.77,49.25
Canada,Rest of World,25.35,7.32,1.05,6.19,17.62,39.91
Germany,Europe,27.82,13.14,2.53,4.26,8.29,47.75
Thailand,Rest of Asia,7.36,7.94,9.37,5.61,5.80,30.28
Hong Kong,Greater China,14.52,3.61,8.91,7.15,17.45,34.19
Spain,Europe,12.48,14.82,3.50,2.64,6.12,33.44
Beijing,Greater China,22.20,9.22,9.08,8.00,19.20,48.50
Canada,Rest of World,29.57,3.74,7.22,3.46,15.51,43.99
Brazil,Rest of World,11.11,4.96,5.03,11.26,7.87,32.36
California,North America,21.05,14.33,2.00,4.93,13.87,42.31
Illinois,North America,10.35,4.66,6.45,9.48,16.77,30.94
Australia,Rest of World,13.50,10.56,2.64,6.71,7.00,33.41
Texas,North America,14.94,11.80,3.76,9.76,16.89,40.26
Texas,North America,25.59,8.76,6.99,10.01,5.93,51.35
Florida,North America,18.26,8.81,9.70,10.70,19.83,47.47
India,Rest of Asia,12.09,3.09,4.53,7.29,17.38,27.00
Florida,North America,15.22,6.60,6.79,8.28,14.08,36.89
Florida,North America,25.95,14.36,4.31,9.19,15.24,53.81
Thailand,Rest of Asia,6.56,7.89,8.60,11.86,14.13,34.91
Brazil,Rest of World,9.64,2.22,4.41,2.20,12.13,18.47
Japan,Rest of Asia,17.25,11.29,5.25,10.47,10.77,44.26
Florida,North America,25.58,11.99,4.39,5.74,12.06,47.70
Hong Kong,Greater China,6.19,5.28,1.22,6.89,15.95,19.58
South Korea,Rest of Asia,17.25,3.52,4.46,2.59,13.09,27.82
Australia,Rest of World,18.12,9.63,9.44,3.70,19.52,40.89
Japan,Rest of Asia,15.81,5.84,2.18,2.41,9.54,26.24
Australia,Rest of World,16.77,14.13,5.79,2.65,9.36,39.34
Germany,Europe,25.80,3.67,7.02,4.63,9.44,41.12
Brazil,Rest of World,13.97,11.47,2.04,9.39,6.96,36.87
New York,North America,28.05,7.01,5.86,3.56,5.79,44.48
Brazil,Rest of World,29.41,11.48,6.58,10.15,12.18,57.62
UK,Europe,29.73,3.50,8.74,2.04,11.96,44.01
Florida,North America,7.61,10.77,6.57,8.60,10.14,33.55
Germany,Europe,15.11,4.02,2.70,3.71,10.18,25.54
Thailand,Rest of Asia,20.52,13.15,8.34,9.53,12.30,51.54
South Africa,Rest of World,17.30,9.96,7.28,10.54,18.23,45.08
South Africa,Rest of World,15.43,4.04,1.86,8.16,16.24,29.49
Spain,Europe,28.86,9.59,9.53,8.10,10.91,56.08
Australia,Rest of World,15.55,8.94,1.42,3.61,14.92,29.52
Brazil,Rest of World,21.36,13.43,6.14,6.90,5.54,47.83
Hong Kong,Greater China,20.48,8.56,2.95,4.53,18.32,36.52
Canada,Rest of World,11.63,12.53,4.12,5.02,16.32,33.30
Thailand,Rest of Asia,22.42,6.13,2.53,7.18,10.61,38.26
Shenzhen,Greater China,12.74,14.61,7.33,2.93,7.59,37.61
India,Rest of Asia,12.16,13.56,5.03,3.46,17.39,34.21
New York,North America,12.95,13.03,6.17,9.10,12.21,41.25
California,North America,28.17,11.25,1.94,7.44,17.56,48.80
Florida,North America,26.96,2.94,8.19,10.78,13.56,48.87
Texas,North America,6.68,8.15,2.76,7.32,18.44,24.91
Chongqing,Greater China,14.27,5.51,6.30,2.92,9.17,29.00
Canada,Rest of World,23.78,4.46,2.11,8.82,12.17,39.17
Texas,North America,22.40,2.95,8.05,11.15,6.27,44.55
Illinois,North America,12.35,14.98,2.82,5.48,13.37,35.63
Texas,North America,11.86,6.12,8.61,9.26,6.31,35.85
UK,Europe,22.94,11.84,8.65,8.07,5.33,51.50
Illinois,North America,12.79,12.64,9.45,5.60,10.35,40.48
California,North America,27.65,6.90,2.00,3.32,7.17,39.87
Mexico,Rest of World,17.92,11.59,5.69,6.34,6.74,41.54
California,North America,12.08,6.74,4.70,8.32,19.88,31.84
UK,Europe,15.44,11.66,5.61,8.50,13.53,41.21
Germany,Europe,13.51,14.96,6.05,8.48,19.82,43.00
Beijing,Greater China,12.23,3.70,5.84,6.45,16.19,28.22
Australia,Rest of World,22.40,11.74,4.43,2.38,5.60,40.95
Shenzhen,Greater China,13.01,14.91,5.61,3.28,19.83,36.81
Italy,Europe,23.59,14.45,6.95,7.05,7.64,52.04
Japan,Rest of Asia,27.34,11.31,2.28,10.84,8.38,51.77
Shenzhen,Greater China,14.33,13.57,2.67,9.70,17.34,40.27
Australia,Rest of World,7.54,8.85,9.90,2.72,8.68,29.01
UK,Europe,6.35,9.83,8.90,5.62,14.34,30.70
Shenzhen,Greater China,29.35,10.47,1.98,10.24,8.49,52.04
Shenzhen,Greater China,13.34,9.77,7.59,7.60,16.63,38.30
Germany,Europe,9.73,4.56,7.95,2.44,12.06,24.68
South Africa,Rest of World,26.06,6.32,2.60,10.86,9.12,45.84
Brazil,Rest of World,9.41,3.09,7.66,7.50,5.78,27.66
Mexico,Rest of World,21.71,13.14,9.48,7.72,18.30,52.05
Australia,Rest of World,8.79,8.60,1.59,8.21,12.45,27.19
South Africa,Rest of World,22.76,10.87,9.71,6.24,18.27,49.58
India,Rest of Asia,22.97,10.67,8.77,9.56,10.16,51.97
South Africa,Rest of World,15.44,7.46,9.87,11.65,13.36,44.42
Florida,North America,28.96,11.93,8.70,4.71,19.35,54.30
Hong Kong,Greater China,5.85,14.24,6.83,7.08,14.87,34.00
Hong Kong,Greater China,5.58,9.39,6.13,11.49,7.45,32.59
South Korea,Rest of Asia,19.58,6.98,1.61,4.33,18.91,32.50
Beijing,Greater China,26.71,11.50,3.82,10.25,17.36,52.28
Hong Kong,Greater China,26.15,12.92,1.25,9.70,10.86,50.02
Spain,Europe,13.75,6.06,5.70,3.73,14.26,29.24
Shanghai,Greater China,13.63,7.72,3.88,5.51,18.85,30.74
France,Europe,21.90,6.27,5.40,6.30,14.58,39.87
Shenzhen,Greater China,18.90,4.82,6.29,3.75,8.87,33.76
Beijing,Greater China,19.04,12.70,8.69,7.08,12.51,47.51
Germany,Europe,24.96,10.79,6.13,9.75,15.41,51.63
Thailand,Rest of Asia,12.92,14.39,8.45,10.40,18.20,46.16
Indonesia,Rest of Asia,26.29,11.99,3.87,6.44,14.99,48.59
Brazil,Rest of World,7.98,12.40,8.33,11.92,18.14,40.63
Canada,Rest of World,7.35,6.03,3.98,7.16,9.44,24.52
Chongqing,Greater China,24.15,14.53,3.87,8.57,12.10,51.12
Shanghai,Greater China,17.39,13.87,5.23,6.68,13.79,43.17
Thailand,Rest of Asia,12.26,2.23,6.96,9.94,10.05,31.39
Australia,Rest of World,11.36,13.61,7.37,2.92,16.05,35.26
Spain,Europe,22.10,7.66,7.00,2.94,15.45,39.70
Germany,Europe,5.82,3.33,9.21,9.56,8.31,27.92
Hong Kong,Greater China,25.50,10.61,4.78,7.10,5.99,47.99
Mexico,Rest of World,18.64,13.91,4.68,9.38,15.69,46.61
Brazil,Rest of World,14.73,6.38,5.57,6.73,5.18,33.41
France,Europe,23.94,10.64,3.26,4.68,11.48,42.52
Chongqing,Greater China,27.21,2.42,4.14,8.31,13.51,42.08
California,North America,14.59,11.48,5.66,11.73,9.61,43.46
Canada,Rest of World,22.01,5.15,8.75,7.12,5.53,43.03
Brazil,Rest of World,21.66,3.45,3.62,2.56,18.71,31.29
Shanghai,Greater China,10.66,8.41,3.62,5.95,8.13,28.64
Italy,Europe,27.90,6.32,1.26,6.67,18.38,42.15
Indonesia,Rest of Asia,22.51,9.85,2.23,11.33,10.41,45.92
Indonesia,Rest of Asia,27.64,13.13,8.26,9.14,11.25,58.17
Italy,Europe,23.36,11.82,2.63,10.69,19.23,48.50
Texas,North America,22.76,9.55,7.09,8.30,13.83,47.70
Canada,Rest of World,6.01,9.42,3.24,6.80,11.18,25.47
New York,North America,9.59,3.29,5.59,7.09,8.56,25.56
Italy,Europe,13.87,13.89,1.69,3.44,11.26,32.89
Texas,North America,9.88,13.84,7.42,2.18,7.20,33.32
California,North America,24.35,13.45,7.85,4.12,11.39,49.77
Beijing,Greater China,10.44,14.65,8.78,4.15,13.03,38.02
Shanghai,Greater China,16.26,5.21,9.84,4.89,5.17,36.20
California,North America,13.44,14.52,8.54,10.81,17.72,47.31
South Africa,Rest of World,15.57,10.33,6.16,10.12,10.25,42.18
India,Rest of Asia,12.18,3.59,9.51,5.10,17.73,30.38
Beijing,Greater China,6.12,8.41,7.26,9.35,18.29,31.14
Florida,North America,19.91,11.35,1.49,6.50,12.29,39.25
Chongqing,Greater China,12.04,7.89,4.89,10.64,19.44,35.46
Illinois,North America,20.48,3.58,5.55,8.60,15.76,38.21
Indonesia,Rest of Asia,10.88,2.73,2.50,8.35,6.34,24.46
India,Rest of Asia,10.00,14.62,1.13,9.25,13.78,35.00
UK,Europe,5.61,2.96,7.70,2.63,16.48,18.90
India,Rest of Asia,12.98,9.79,4.06,6.14,12.43,32.97
California,North America,17.61,11.50,8.58,9.43,16.60,47.12
France,Europe,22.82,5.21,4.34,4.89,5.28,37.26
India,Rest of Asia,18.76,12.64,4.19,2.76,13.49,38.35
India,Rest of Asia,22.08,14.79,2.10,4.67,10.11,43.64
UK,Europe,25.12,6.11,6.30,5.83,8.97,43.36
Germany,Europe,29.23,3.75,8.25,8.50,9.50,49.73
Shenzhen,Greater China,27.26,10.84,9.89,8.92,18.68,56.91
New York,North America,15.05,5.17,6.60,3.26,14.13,30.08
South Africa,Rest of World,6.10,7.75,7.75,5.23,9.44,26.83
India,Rest of Asia,28.32,3.17,7.82,3.83,8.52,43.14
Thailand,Rest of Asia,6.75,13.07,3.18,5.80,11.03,28.80
New York,North America,13.88,2.64,6.23,5.25,13.76,28.00
UK,Europe,14.78,13.11,8.69,11.00,7.29,47.58
Germany,Europe,5.21,10.41,4.26,6.42,18.42,26.30
India,Rest of Asia,21.83,8.71,1.02,8.99,8.01,40.55
France,Europe,12.87,6.96,6.43,11.49,6.89,37.75
Brazil,Rest of World,5.49,5.86,3.56,9.33,16.34,24.24
Mexico,Rest of World,9.37,5.89,7.35,7.31,7.98,29.92
California,North America,13.26,3.92,6.32,6.20,17.52,29.70
Japan,Rest of Asia,19.33,9.44,3.05,11.78,11.28,43.60
India,Rest of Asia,5.65,10.93,9.02,11.35,14.83,36.95
Italy,Europe,16.71,14.02,1.66,8.42,11.48,40.81
Illinois,North America,26.65,3.09,8.27,2.82,12.10,40.83
Indonesia,Rest of Asia,19.06,11.70,1.68,5.68,8.05,38.12
Mexico,Rest of World,11.62,9.35,1.88,6.51,7.38,29.36
South Korea,Rest of Asia,28.02,2.11,6.65,4.45,9.77,41.23
India,Rest of Asia,21.25,12.34,1.20,7.98,8.40,42.77
Florida,North America,14.41,12.67,5.15,5.24,18.77,37.47
Hong Kong,Greater China,13.74,9.31,2.58,5.91,7.59,31.54
France,Europe,5.53,9.44,7.03,11.95,16.93,33.95
UK,Europe,23.52,8.37,4.52,2.62,12.02,39.03
Italy,Europe,21.57,6.09,1.08,2.23,18.56,30.97
South Africa,Rest of World,13.69,8.89,7.27,3.59,10.16,33.44
Shenzhen,Greater China,25.61,8.52,1.65,11.17,12.01,46.95
Thailand,Rest of Asia,24.37,10.77,7.15,4.95,15.33,47.24
India,Rest of Asia,26.51,9.32,4.56,3.02,7.28,43.41
Texas,North America,19.66,14.01,8.96,6.02,18.36,48.65
Beijing,Greater China,19.19,3.43,7.73,4.35,5.89,34.70
Japan,Rest of Asia,10.38,9.08,7.76,7.20,7.24,34.42
Hong Kong,Greater China,25.77,11.81,6.51,10.80,16.38,54.89
Shenzhen,Greater China,5.58,3.44,6.48,10.16,12.48,25.66
Italy,Europe,18.53,4.34,2.06,11.23,17.50,36.16
Brazil,Rest of World,9.05,8.99,5.99,7.88,18.03,31.91
South Korea,Rest of Asia,14.54,8.22,4.98,4.16,12.03,31.90
Brazil,Rest of World,13.67,12.78,3.84,9.41,11.93,39.70
Australia,Rest of World,9.45,14.16,2.21,3.63,18.54,29.45
Shanghai,Greater China,22.23,7.27,5.54,3.67,12.87,38.71
California,North America,17.46,10.32,8.52,9.50,17.40,45.80
Australia,Rest of World,19.43,9.36,2.11,7.07,10.77,37.97
Illinois,North America,15.24,13.28,1.01,11.28,9.69,40.81
South Africa,Rest of World,17.54,6.09,7.95,2.01,11.88,33.59
California,North America,8.02,14.90,4.86,2.82,12.53,30.60
Texas,North America,14.01,2.31,3.43,2.74,10.15,22.49
France,Europe,5.45,9.06,9.97,6.45,15.83,30.93
Shanghai,Greater China,27.57,9.24,6.18,5.56,13.86,48.55
Shenzhen,Greater China,26.23,14.42,4.53,3.29,12.30,48.47
Beijing,Greater China,28.05,9.21,5.90,4.30,7.59,47.46
Mexico,Rest of World,8.21,11.64,4.29,10.36,11.78,34.50
Canada,Rest of World,8.27,4.83,5.18,8.16,19.50,26.44
Mexico,Rest of World,6.30,6.30,4.26,11.71,12.16,28.57
Spain,Europe,13.92,13.14,9.24,2.26,6.11,38.56
Thailand,Rest of Asia,27.36,3.93,4.49,11.36,17.18,47.14
Canada,Rest of World,25.81,12.31,7.10,6.73,13.92,51.95
Spain,Europe,22.38,10.78,5.38,10.44,10.40,48.98
Italy,Europe,29.94,14.17,1.40,9.29,5.27,54.80
South Africa,Rest of World,10.83,10.67,6.12,11.63,16.87,39.25
South Korea,Rest of Asia,17.83,6.66,6.19,9.95,8.12,40.63
Shanghai,Greater China,8.27,2.99,9.59,3.82,5.08,24.67
Florida,North America,23.50,2.55,9.11,11.32,10.60,46.48
New York,North America,8.52,5.33,1.14,7.30,18.08,22.29
India,Rest of Asia,26.95,6.54,6.06,6.21,9.92,45.76
Beijing,Greater China,9.21,8.17,3.38,4.37,6.61,25.13
Chongqing,Greater China,17.88,2.98,3.09,5.54,17.79,29.49
Brazil,Rest of World,7.14,11.64,9.39,3.22,8.15,31.39
Japan,Rest of Asia,7.95,6.12,9.44,3.61,9.81,27.12
Japan,Rest of Asia,8.19,5.53,6.65,8.47,18.17,28.84
France,Europe,21.02,11.72,1.66,10.28,18.23,44.68
Mexico,Rest of World,27.41,14.14,6.52,7.23,5.95,55.30
Shanghai,Greater China,15.28,6.38,5.68,2.34,16.05,29.68
Hong Kong,Greater China,27.94,12.84,2.53,6.12,13.49,49.43
Hong Kong,Greater China,5.15,7.20,4.80,10.64,10.10,27.79
Chongqing,Greater China,24.55,14.99,4.45,2.41,8.94,46.40
UK,Europe,9.42,11.60,6.71,2.99,7.67,30.72
California,North America,28.31,12.63,6.60,2.49,11.83,50.03
Indonesia,Rest of Asia,24.10,7.67,5.02,6.55,5.01,43.34
Canada,Rest of World,24.91,2.11,1.45,4.90,17.76,33.37
Mexico,Rest of World,16.03,2.94,2.53,10.11,14.10,31.61
Indonesia,Rest of Asia,19.70,10.09,4.45,10.12,14.85,44.36
Australia,Rest of World,25.70,3.87,6.57,8.44,9.86,44.58
Italy,Europe,12.03,10.36,4.95,10.21,12.46,37.55
France,Europe,29.32,4.60,9.57,2.78,11.52,46.27
South Africa,Rest of World,14.78,2.90,1.99,2.35,16.95,22.02
Germany,Europe,24.45,12.71,8.08,2.85,11.84,48.09
Italy,Europe,8.81,5.75,2.53,6.90,5.82,23.99
California,North America,25.84,11.52,9.20,8.27,18.09,54.83
Shanghai,Greater China,20.05,8.11,7.08,5.05,14.32,40.29
Germany,Europe,19.39,2.67,3.65,4.23,15.77,29.94
New York,North America,16.89,11.77,6.50,6.01,10.32,41.17
Mexico,Rest of World,5.05,11.92,4.29,10.91,7.80,32.17
Illinois,North America,22.48,7.09,9.57,6.73,19.34,45.87
Texas,North America,11.35,8.90,5.00,6.01,6.95,31.26
South Africa,Rest of World,25.37,4.10,8.08,3.34,14.06,40.89
New York,North America,13.44,12.15,5.42,3.78,18.50,34.79
Hong Kong,Greater China,18.88,4.46,7.16,8.41,7.58,38.91
Indonesia,Rest of Asia,13.84,3.15,5.55,2.50,16.32,25.04
Shanghai,Greater China,28.43,13.56,4.73,8.77,6.65,55.49
Shenzhen,Greater China,7.50,4.68,3.48,6.40,17.51,22.06
Spain,Europe,24.67,8.87,1.96,7.19,15.91,42.69
Shanghai,Greater China,5.03,8.79,4.26,6.34,11.05,24.42
South Africa,Rest of World,23.20,5.86,6.94,6.24,6.46,42.24
South Africa,Rest of World,5.13,6.18,9.91,8.51,14.34,29.73
Spain,Europe,18.81,13.10,3.83,5.07,18.47,40.81
France,Europe,12.95,9.26,2.60,8.49,19.36,33.30
Indonesia,Rest of Asia,24.82,14.44,6.37,6.40,19.80,52.03
Shanghai,Greater China,10.30,11.64,5.62,8.81,19.60,36.37
Texas,North America,24.33,9.24,1.89,5.97,18.39,41.43
Shenzhen,Greater China,17.34,14.99,4.76,7.99,13.08,45.08
Japan,Rest of Asia,7.35,7.92,8.36,10.92,19.55,34.55
Mexico,Rest of World,18.54,14.83,6.56,2.48,6.60,42.41
Shenzhen,Greater China,19.42,7.73,1.60,7.98,6.94,36.73
Spain,Europe,26.90,13.22,3.30,10.12,5.28,53.54
Germany,Europe,19.10,14.29,1.81,4.65,9.20,39.85
South Korea,Rest of Asia,25.67,8.61,7.76,5.44,14.27,47.48
South Korea,Rest of Asia,7.13,9.48,6.28,7.95,19.15,30.84
Japan,Rest of Asia,28.14,8.82,9.19,5.82,11.10,51.97
Germany,Europe,7.99,9.05,8.66,5.09,14.53,30.79
New York,North America,23.52,12.05,7.40,2.95,15.72,45.92
Mexico,Rest of World,6.18,2.72,3.53,7.96,7.19,20.39
Brazil,Rest of World,24.48,10.53,2.90,10.91,10.52,48.82
Indonesia,Rest of Asia,23.41,6.38,4.88,9.77,12.39,44.44
Hong Kong,Greater China,19.90,9.50,2.98,9.90,12.16,42.28
Beijing,Greater China,5.39,4.04,2.43,2.07,11.78,13.93
Beijing,Greater China,18.72,3.39,6.45,6.27,10.99,34.83
Canada,Rest of World,7.47,9.09,2.07,2.33,10.90,20.96
UK,Europe,10.38,7.28,1.13,3.96,14.43,22.75
South Africa,Rest of World,23.64,7.76,4.12,4.24,12.00,39.76
Hong Kong,Greater China,15.66,7.07,2.87,3.40,9.79,29.00
Beijing,Greater China,27.33,4.73,6.67,10.26,15.15,48.99
Beijing,Greater China,12.66,3.71,7.96,4.72,10.32,29.05
Mexico,Rest of World,14.91,13.15,5.90,10.54,7.69,44.50
South Korea,Rest of Asia,23.60,4.81,2.50,10.24,16.27,41.15
Beijing,Greater China,21.60,6.15,9.77,5.66,7.41,43.18
Italy,Europe,11.87,6.55,8.27,3.15,5.51,29.84
New York,North America,17.10,3.05,2.49,9.17,18.13,31.81
Brazil,Rest of World,8.13,3.98,2.34,11.65,17.51,26.10
Chongqing,Greater China,10.04,14.28,2.81,6.90,18.85,34.03
France,Europe,15.04,2.74,9.17,7.38,9.61,34.33
Australia,Rest of World,18.75,6.14,7.06,2.86,13.05,34.81
Thailand,Rest of Asia,9.16,6.70,4.01,11.76,9.00,31.63
UK,Europe,17.06,14.38,8.41,3.19,13.46,43.04
Chongqing,Greater China,26.07,10.24,2.99,10.65,13.24,49.95
Shenzhen,Greater China,19.99,3.10,6.74,9.22,10.09,39.05
Beijing,Greater China,13.58,14.22,9.94,9.01,10.69,46.75
California,North America,23.61,11.53,1.59,4.31,8.12,41.04
Indonesia,Rest of Asia,12.27,14.71,3.98,10.98,9.08,41.94
Brazil,Rest of World,14.09,7.76,9.42,6.79,6.61,38.06
UK,Europe,10.09,4.47,4.76,2.34,7.23,21.66
Spain,Europe,14.38,8.90,2.37,5.18,8.24,30.83
Italy,Europe,23.81,13.99,4.78,5.85,9.86,48.43
UK,Europe,16.40,8.47,9.58,4.07,16.51,38.52
Italy,Europe,10.02,11.70,7.84,3.62,11.05,33.18
Hong Kong,Greater China,25.85,14.77,8.96,10.93,8.59,60.51
Canada,Rest of World,25.48,14.99,4.38,5.75,19.14,50.60
Hong Kong,Greater China,24.92,10.26,3.27,6.77,13.89,45.22
Canada,Rest of World,26.94,8.67,8.38,6.74,7.39,50.73
Thailand,Rest of Asia,5.92,11.73,9.59,8.33,18.15,35.57
Brazil,Rest of World,21.78,5.56,8.03,4.92,6.71,40.29
Italy,Europe,9.74,11.09,5.77,2.17,9.84,28.77
Shenzhen,Greater China,21.52,13.82,9.62,4.10,14.21,49.06
Germany,Europe,23.69,4.06,7.95,11.14,7.39,46.84
Illinois,North America,14.84,7.35,1.87,6.61,8.08,30.67
Indonesia,Rest of Asia,12.38,12.93,8.72,11.58,18.80,45.61
UK,Europe,9.84,6.24,3.91,8.04,13.55,28.03
Chongqing,Greater China,24.33,7.88,1.17,3.56,10.23,36.94
Indonesia,Rest of Asia,25.66,3.63,4.93,8.92,17.17,43.14
Brazil,Rest of World,26.34,12.21,4.38,6.57,11.62,49.50
Hong Kong,Greater China,23.43,13.41,8.99,6.07,18.46,51.90
Shenzhen,Greater China,9.79,7.41,8.19,4.70,13.80,30.09
Germany,Europe,28.74,6.30,7.22,7.67,8.54,49.93
UK,Europe,9.20,8.24,4.09,7.72,19.64,29.25
Japan,Rest of Asia,29.25,13.09,5.42,7.10,6.84,54.86
Texas,North America,6.41,11.41,2.13,6.36,13.53,26.31
Brazil,Rest of World,14.88,11.87,2.54,7.82,8.35,37.11
France,Europe,16.50,7.47,4.12,11.25,14.61,39.34
Texas,North America,8.28,11.08,1.35,10.86,7.64,31.57
Beijing,Greater China,22.07,3.61,1.48,10.88,12.58,38.04
Thailand,Rest of Asia,6.22,12.78,9.11,9.81,7.93,37.92
Indonesia,Rest of Asia,29.92,2.07,5.05,2.68,8.50,39.72
UK,Europe,20.76,6.71,1.92,8.41,19.10,37.80
Florida,North America,15.59,7.58,6.40,5.72,8.49,35.29
Mexico,Rest of World,26.30,7.61,3.86,5.50,19.14,43.27
Florida,North America,13.25,10.82,3.92,9.60,15.73,37.59
Beijing,Greater China,24.71,3.05,2.73,11.73,6.08,42.22
Italy,Europe,19.24,12.55,6.75,7.60,13.92,46.14
South Africa,Rest of World,8.47,8.74,5.22,2.06,17.70,24.49
Italy,Europe,20.84,3.45,2.94,9.59,11.70,36.82
South Africa,Rest of World,28.35,5.04,8.67,10.51,7.72,52.57
UK,Europe,8.83,4.83,4.98,11.91,12.09,30.55
Thailand,Rest of Asia,7.62,2.90,8.03,6.36,18.76,24.91
Shenzhen,Greater China,29.78,9.05,2.12,8.13,14.84,49.08
Germany,Europe,10.91,10.81,4.13,3.53,7.12,29.38
Spain,Europe,11.49,12.75,5.24,7.87,15.15,37.35
New York,North America,13.06,9.02,8.62,4.75,10.67,35.45
Japan,Rest of Asia,24.19,6.45,5.85,4.44,7.98,40.93
New York,North America,5.07,5.37,5.42,5.93,17.85,21.79
Shenzhen,Greater China,9.49,11.72,7.92,10.65,14.17,39.78
UK,Europe,18.40,11.23,5.62,6.55,18.63,41.80
Canada,Rest of World,7.13,4.08,9.95,3.83,6.65,24.99
France,Europe,18.51,4.76,5.86,4.37,11.27,33.50
Florida,North America,16.91,2.57,2.81,11.64,15.72,33.93
New York,North America,17.59,6.79,9.30,9.43,8.24,43.11
South Korea,Rest of Asia,23.96,10.39,4.68,5.29,19.30,44.32
South Korea,Rest of Asia,14.37,12.97,3.13,11.55,17.48,42.02
Spain,Europe,6.94,12.76,4.19,3.42,16.43,27.31
Chongqing,Greater China,23.73,6.13,2.23,11.98,17.50,44.07
India,Rest of Asia,16.42,7.73,6.32,5.84,8.96,36.31
Japan,Rest of Asia,16.10,9.07,3.53,8.29,12.44,36.99
Hong Kong,Greater China,21.72,14.38,9.94,9.46,6.85,55.50
Indonesia,Rest of Asia,24.97,2.58,4.58,2.75,11.69,34.88
Hong Kong,Greater China,10.77,11.59,4.50,11.10,12.34,37.96
UK,Europe,21.97,7.99,5.25,10.71,5.49,45.92
Shenzhen,Greater China,21.41,7.94,7.51,7.59,6.69,44.45
Spain,Europe,7.41,13.94,3.08,8.59,10.45,33.02
California,North America,19.52,14.03,1.78,11.42,10.07,46.75
Shenzhen,Greater China,26.36,9.42,2.71,5.89,12.52,44.38
India,Rest of Asia,7.63,7.71,1.87,11.06,7.86,28.27
France,Europe,5.38,7.87,3.97,8.67,12.21,25.89
Brazil,Rest of World,23.61,12.90,7.46,3.22,8.49,47.19
France,Europe,7.69,5.90,8.00,8.95,8.40,30.54
New York,North America,11.10,11.74,5.19,3.84,12.36,31.87
Hong Kong,Greater China,9.26,4.22,8.55,2.49,16.18,24.52
Australia,Rest of World,19.25,14.00,6.24,8.39,7.07,47.88
Chongqing,Greater China,7.78,13.96,9.60,5.99,14.94,37.33
Italy,Europe,29.34,10.15,7.60,7.77,9.61,54.86
Shanghai,Greater China,22.67,4.42,8.99,10.48,16.31,46.56
Brazil,Rest of World,23.81,5.62,1.76,10.66,11.28,41.85
Italy,Europe,10.08,2.22,6.47,5.64,15.84,24.41
Texas,North America,20.03,14.67,6.11,5.50,6.57,46.31
South Africa,Rest of World,8.33,3.74,3.73,11.43,18.52,27.23
Japan,Rest of Asia,20.18,2.97,1.92,6.81,16.63,31.88
South Korea,Rest of Asia,29.55,10.53,3.18,10.37,14.14,53.63
Australia,Rest of World,7.51,8.86,6.50,4.40,12.16,27.27
California,North America,26.70,2.17,5.35,7.11,19.32,41.33
South Korea,Rest of Asia,17.10,2.89,6.55,6.37,5.73,32.91
UK,Europe,20.60,11.67,7.52,10.41,8.78,50.20
California,North America,12.39,11.66,5.22,3.79,7.08,33.06
Italy,Europe,24.51,11.20,4.99,11.16,18.53,51.86
South Africa,Rest of World,11.71,6.50,2.31,8.96,15.49,29.48
Spain,Europe,25.94,13.46,7.85,4.53,6.54,51.78
Chongqing,Greater China,8.41,13.24,3.29,3.42,10.90,28.36
Canada,Rest of World,12.64,9.24,5.66,9.02,11.24,36.56
Thailand,Rest of Asia,9.97,5.99,3.00,8.72,18.74,27.68
France,Europe,20.52,6.28,1.40,5.91,12.62,34.11
Australia,Rest of World,20.07,3.79,5.48,2.18,11.54,31.52
Brazil,Rest of World,29.78,8.86,7.67,9.97,8.13,56.28
Australia,Rest of World,27.78,9.02,4.87,7.86,13.78,49.53
South Korea,Rest of Asia,25.44,6.14,3.27,11.42,5.68,46.27
Spain,Europe,11.76,8.22,4.59,4.40,11.02,28.97
UK,Europe,13.04,7.61,9.17,8.64,15.66,38.46
South Korea,Rest of Asia,13.64,4.77,6.75,4.91,12.96,30.07
Japan,Rest of Asia,29.41,12.00,3.97,6.26,9.76,51.64
California,North America,22.03,6.98,2.80,6.93,8.24,38.74
Germany,Europe,8.22,3.25,1.69,7.56,8.69,20.72
Chongqing,Greater China,17.76,7.25,5.89,11.88,10.28,42.78
France,Europe,13.46,4.98,2.01,3.83,15.15,24.28
Florida,North America,22.80,8.65,7.46,2.29,5.58,41.20
New York,North America,9.77,8.79,7.75,10.52,6.65,36.83
South Korea,Rest of Asia,22.64,3.23,6.59,11.29,14.06,43.75
Australia,Rest of World,23.39,9.86,9.58,7.30,5.48,50.13
Indonesia,Rest of Asia,24.63,2.27,9.96,5.64,7.81,42.50
Illinois,North America,20.57,5.61,1.93,6.81,15.81,34.92
Mexico,Rest of World,6.78,3.13,7.16,4.05,16.28,21.12
Shanghai,Greater China,14.13,3.50,5.99,2.34,17.03,25.96
Illinois,North America,15.45,9.46,9.27,9.00,17.24,43.18
India,Rest of Asia,15.81,12.63,5.61,9.70,11.72,43.75
California,North America,11.59,12.97,3.38,9.70,9.79,37.64
Canada,Rest of World,6.61,5.00,3.43,5.28,13.28,20.32
Canada,Rest of World,21.71,4.92,9.39,4.98,6.41,41.00
France,Europe,6.74,14.54,6.45,7.65,9.36,35.38
France,Europe,19.49,2.05,4.03,10.59,12.40,36.16
Brazil,Rest of World,15.80,7.83,1.76,10.19,5.08,35.58
Japan,Rest of Asia,13.83,8.04,7.56,2.75,16.86,32.18
Canada,Rest of World,13.53,10.82,9.90,9.41,11.22,43.66
Germany,Europe,13.38,7.45,7.50,2.06,8.09,30.39
Florida,North America,26.52,13.91,7.20,10.97,15.44,58.60
Thailand,Rest of Asia,28.39,13.35,3.05,3.21,19.09,48.00
Indonesia,Rest of Asia,19.84,3.88,4.59,5.48,15.72,33.79
Florida,North America,11.65,4.34,3.34,8.37,6.42,27.70
Chongqing,Greater China,16.20,14.28,9.08,5.99,16.62,45.55
Canada,Rest of World,9.95,4.11,8.35,5.00,9.66,27.41
Spain,Europe,20.10,11.33,8.29,2.79,10.08,42.51
Spain,Europe,25.66,3.96,6.59,7.92,9.34,44.13
Illinois,North America,26.54,6.63,3.27,5.12,9.28,41.56
South Africa,Rest of World,14.10,2.74,1.18,5.59,17.91,23.61
South Korea,Rest of Asia,29.74,11.58,1.09,6.59,9.26,49.00
South Africa,Rest of World,29.23,12.58,3.74,5.14,8.33,50.69
UK,Europe,26.75,10.88,1.18,3.21,13.62,42.02
Brazil,Rest of World,23.09,14.03,3.91,3.71,11.27,44.74
Japan,Rest of Asia,23.96,13.90,5.41,2.61,9.37,45.88
Canada,Rest of World,13.19,7.41,1.53,6.82,11.10,28.95
New York,North America,16.49,3.32,9.93,7.99,7.06,37.73
Shanghai,Greater China,11.01,11.05,3.33,11.64,11.95,37.03
Canada,Rest of World,11.10,11.75,4.67,9.83,14.83,37.35
India,Rest of Asia,7.66,3.64,4.58,2.13,18.12,18.01
Japan,Rest of Asia,27.01,4.18,7.22,5.98,17.18,44.39
California,North America,19.67,13.00,4.21,10.37,13.28,47.25
India,Rest of Asia,16.08,6.56,4.02,9.12,13.30,35.78
Spain,Europe,11.44,10.35,7.89,11.39,16.72,41.07
Illinois,North America,21.51,5.46,4.09,6.08,19.01,37.14
Shanghai,Greater China,20.20,14.54,2.52,6.01,9.31,43.27
Hong Kong,Greater China,10.43,5.20,7.81,4.78,18.99,28.22
Spain,Europe,22.06,10.18,5.90,5.59,12.13,43.73
Illinois,North America,9.31,7.82,6.97,4.82,13.51,28.92
Beijing,Greater China,7.20,12.62,3.97,9.87,10.02,33.66
Indonesia,Rest of Asia,16.45,7.49,7.28,9.59,16.33,40.81
Japan,Rest of Asia,14.29,14.91,3.08,6.21,17.89,38.49
Mexico,Rest of World,29.86,10.30,7.40,9.60,18.56,57.16
Texas,North America,27.83,12.52,8.89,4.46,6.38,53.70
Germany,Europe,25.47,7.69,7.90,6.90,15.00,47.96
Shenzhen,Greater China,15.34,8.81,8.24,8.78,15.49,41.17
Shanghai,Greater China,26.30,4.06,3.41,5.69,14.29,39.46








































































































































































































































































































































































































































































































































































































































































































































































































































































































































































































































































































































































































































































































































































































































































































































































































































































































































































































































































































































































































































































































































































































































































































































































































































































































































































































































































































































































































































































































































































































































































































































































































































































































































































































































































































































































































































































































































































































































































































































































































































































































































































































































































































































































































































































































































































































































































































































































































































































































































































































































































































































































































































































































































































































































































































































































































































































































































































































































































































































































































































































































































































































































































































































































































































































































































































































































































































































































































































































































































































































































































































































































































































































































































































































































































































































































































































































































































































































































































































































































































































































































































































































































































































































































































































































































































































































































































































































































































































































































































































































































































































































































































































































































































































